{
  "edukasyon": {
    "summary": {
      "query": [
        -3.996506929397583,
        1.8642823696136475
      ],
      "results": [
        [
          -0.12122878432273865,
          3.6074583530426025
        ],
        [
          -2.3885185718536377,
          0.43259409070014954
        ],
        [
          1.985517144203186,
          1.989282488822937
        ],
        [
          1.0851105451583862,
          0.8714730739593506
        ],
        [
          1.9258041381835938,
          -1.4620118141174316
        ],
        [
          2.8951668739318848,
          0.18323583900928497
        ],
        [
          0.12676984071731567,
          -1.6926668882369995
        ],
        [
          -2.6463427543640137,
          -2.155488967895508
        ],
        [
          -1.936675786972046,
          -2.3951098918914795
        ],
        [
          3.0708978176116943,
          -1.2430503368377686
        ]
      ]
    },
    "full": {
      "query": [
        -2.8021655082702637,
        2.213322877883911
      ],
      "results": [
        [
          -3.203538656234741,
          -0.35844290256500244
        ],
        [
          -3.333601474761963,
          -0.2981826066970825
        ],
        [
          1.3627796173095703,
          -0.3480847477912903
        ],
        [
          3.4135518074035645,
          -1.547286868095398
        ],
        [
          2.484621524810791,
          1.4158663749694824
        ],
        [
          -2.8792786598205566,
          -0.4841557741165161
        ],
        [
          2.7459397315979004,
          -2.1655776500701904
        ],
        [
          1.5724090337753296,
          -1.6048657894134521
        ],
        [
          3.4909615516662598,
          3.537165641784668
        ],
        [
          -2.8516876697540283,
          -0.3597593307495117
        ]
      ]
    }
  },
  "edukasyon bilang pag-asa ni Ibarra": {
    "summary": {
      "query": [
        -2.583707809448242,
        1.8107498078734352e-07
      ],
      "results": [
        [
          2.583707809448242,
          1.8107493815477937e-07
        ]
      ]
    }
  },
  "Maria Clara at pagdurusa": {
    "summary": {
      "query": [
        3.8946197032928467,
        0.6351629495620728
      ],
      "results": [
        [
          -0.04063030704855919,
          -2.104189157485962
        ],
        [
          -0.09618175774812698,
          -0.7210606932640076
        ],
        [
          -0.3287521302700043,
          -0.36910775303840637
        ],
        [
          -0.991336464881897,
          1.8163161277770996
        ],
        [
          -1.0877100229263306,
          0.20422227680683136
        ],
        [
          -1.3500081300735474,
          0.538659393787384
        ]
      ]
    }
  },
  "pang-aapi ng mga prayle": {
    "summary": {
      "query": [
        2.7081429958343506,
        -1.9684446783685416e-07
      ],
      "results": [
        [
          -2.7081427574157715,
          -1.968444962585636e-07
        ]
      ]
    },
    "full": {
      "query": [
        1.9659749269485474,
        1.673599285823002e-07
      ],
      "results": [
        [
          -1.9659754037857056,
          1.6735987173888134e-07
        ]
      ]
    }
  }
}